,SampleID,pair,16S (SILVA) clean reads,16S (RDP) clean reads,ITS clean reads,powerplant,site,type,treatment,temperature,depth,Cl,Br,SO4,F,SO3,Acetate,Acetate_C,Propionate,Propionate_C,Formate,Formate_C,DOC,HOC,Makro1,Makro2,Makro3,LMWA,LMWN,sampleid_original,original_order
X215,X215,110,1631,1631,0,Theistareykir,PG-14,Injection,direct,185,2500,0.06,0,20.27,1.2,37.8,0,NA,NA,NA,1.7,0.45,0.35,0,0,0,0,0.02,0.33,215,209
X216,X216,111,32040,32040,0,Theistareykir,PG-14,Injection,direct,185,2500,0.06,0,20.27,1.2,37.8,0,NA,NA,NA,1.7,0.45,0.35,0,0,0,0,0.02,0.33,216,210
X86,X86,41,38247,35089,0,Neustadt-Glewe,Production,Production,direct,97,2455,135.2,339.32,442.54,0.56,NA,42.11,17.13,0,NA,0,NA,19.49,1.8,0.13,0,0,9.04,8.52,86,80
X81,X81,36,49655,43938,0,Bad Blumau,Production,Production,spores,110,2843,4.08,8.87,532.25,10.21,NA,16.22,6.6,1.37,0.68,NA,NA,8.76,1.32,1.61,0,0,4.93,0.96,81,75
B13,B13,NA,50817,49756,0,Blank,NA,NA,NA,NA,NA,NA,NA,NA,NA,NA,NA,NA,NA,NA,NA,NA,NA,NA,NA,NA,NA,NA,NA,B13,274
X25,X25,7,55126,52513,1,Insheim,Production,Production,spores,165,3650,76.26,170.58,117.06,5.5,0,0.6,0.14,NA,NA,0,NA,1.81,0,0.03,0,0,0.26,1.52,25,19
X197,X197,92,20721,20721,5,Krafla,K-06,Production,spores,341.5,2000,0.03,0,251.42,1.21,54.63,1.34,0.55,NA,NA,1.36,0.36,0.53,0,0,0,0,0.26,0.27,197,191
X43,X43,13,75727,66384,15,Insheim,Injection,Injection,spores,65,3850,77.4,178,144.94,5.5,NA,0,0.12,NA,NA,0,NA,NA,0,0,0,0,0.35,13.89,43,37
X11,X11,5,46914,46135,37,Insheim,Injection,Injection,direct,65,3850,77.4,178,144.94,5.5,NA,0,0.12,NA,NA,0,NA,NA,0,0,0,0,0.35,13.89,11,5
X188,X188,83,76401,73495,45,Krafla,K-26,Injection,spores,106.8,2127,0.05,0,247.56,1.5,63.04,1.6,0.65,NA,NA,1.45,0.39,0.9,0,0.01,0,0,0.34,0.56,188,182
X109,X109,59,39138,39012,58,Heemskerk,Production,Production,direct,99.5,2600,155.59,235.64,436.43,2.15,NA,77.15,31.39,3.09,1.52,0,NA,26.09,2.16,0.03,0,0,14.38,9.55,109,103
X107,X107,57,35652,34953,127,Heemskerk,Production,Production,direct,99.5,2600,155.59,235.64,436.43,2.15,NA,77.15,31.39,3.09,1.52,0,NA,26.09,2.16,0.03,0,0,14.38,9.55,107,101
X23,X23,5,31383,31383,214,Insheim,Injection,Injection,spores,65,3850,77.4,178,144.94,5.5,NA,0,0.12,NA,NA,0,NA,NA,0,0,0,0,0.35,13.89,23,17
X130,X130,45,27293,27293,238,Heemskerk,Production,Production,spores,99.5,2600,155.59,235.64,436.43,2.15,NA,77.15,31.39,3.09,1.52,0,NA,26.09,2.16,0.03,0,0,14.38,9.55,130,124
X231,X231,126,23731,22895,272,Theistareykir,PG-4,Production,direct,344.6,2240,0.03,0,5.53,1.81,39.35,0,NA,NA,NA,0,NA,0.26,0,0.01,0,0,0.02,0.23,231,225
B18,B18,NA,36960,36960,307,Blank,NA,NA,NA,NA,NA,NA,NA,NA,NA,NA,NA,NA,NA,NA,NA,NA,NA,NA,NA,NA,NA,NA,NA,B18,279
X177,X177,92,44462,41667,327,Krafla,K-06,Production,direct,341.5,2000,0.03,0,251.42,1.21,54.63,1.34,0.55,NA,NA,1.36,0.36,0.53,0,0,0,0,0.26,0.27,177,171
X176,X176,91,39879,40364,346,Krafla,K-06,Production,direct,341.5,2000,0.03,0,251.42,1.21,54.63,1.34,0.55,NA,NA,1.36,0.36,0.53,0,0,0,0,0.26,0.27,176,170
X8,X8,2,49543,46227,379,Insheim,Injection,Injection,direct,65,3850,77.4,178,144.94,5.5,NA,0,0.12,NA,NA,0,NA,NA,0,0,0,0,0.35,13.89,8,2
X7,X7,1,41923,39726,475,Insheim,Injection,Injection,direct,65,3850,77.4,178,144.94,5.5,NA,0,0.12,NA,NA,0,NA,NA,0,0,0,0,0.35,13.89,7,1
X195,X195,90,51234,49699,494,Krafla,K-06,Production,spores,341.5,2000,0.03,0,251.42,1.21,54.63,1.34,0.55,NA,NA,1.36,0.36,0.53,0,0,0,0,0.26,0.27,195,189
X196,X196,91,64683,56041,505,Krafla,K-06,Production,spores,341.5,2000,0.03,0,251.42,1.21,54.63,1.34,0.55,NA,NA,1.36,0.36,0.53,0,0,0,0,0.26,0.27,196,190
X178,X178,93,29471,29471,513,Krafla,K-06,Production,direct,341.5,2000,0.03,0,251.42,1.21,54.63,1.34,0.55,NA,NA,1.36,0.36,0.53,0,0,0,0,0.26,0.27,178,172
X101,X101,51,23327,23297,518,Heemskerk,Production,Production,direct,99.5,2600,155.59,235.64,436.43,2.15,NA,77.15,31.39,3.09,1.52,0,NA,26.09,2.16,0.03,0,0,14.38,9.55,101,95
X52,X52,22,8644,7347,534,Insheim,Production,Production,spores,165,3650,76.26,170.58,117.06,5.5,0,0.6,0.14,NA,NA,0,NA,1.81,0,0.03,0,0,0.26,1.52,52,46
X49,X49,19,17005,15969,571,Insheim,Injection,Injection,spores,65,3850,77.4,178,144.94,5.5,NA,0,0.12,NA,NA,0,NA,NA,0,0,0,0,0.35,13.89,49,43
X83,X83,38,39785,37930,583,Bad Blumau,Production,Production,spores,110,2843,4.08,8.87,532.25,10.21,NA,16.22,6.6,1.37,0.68,NA,NA,8.76,1.32,1.61,0,0,4.93,0.96,83,77
B12,B12,NA,22305,22305,600,Blank,NA,NA,NA,NA,NA,NA,NA,NA,NA,NA,NA,NA,NA,NA,NA,NA,NA,NA,NA,NA,NA,NA,NA,B12,273
X103,X103,53,37588,37555,636,Heemskerk,Production,Production,direct,99.5,2600,155.59,235.64,436.43,2.15,NA,77.15,31.39,3.09,1.52,0,NA,26.09,2.16,0.03,0,0,14.38,9.55,103,97
X54,X54,24,12992,11896,661,Insheim,Production,Production,spores,165,3650,76.26,170.58,117.06,5.5,0,0.6,0.14,NA,NA,0,NA,1.81,0,0.03,0,0,0.26,1.52,54,48
X217,X217,112,28698,28698,671,Theistareykir,PG-14,Injection,direct,185,2500,0.06,0,20.27,1.2,37.8,0,NA,NA,NA,1.7,0.45,0.35,0,0,0,0,0.02,0.33,217,211
X48,X48,18,14268,13530,688,Insheim,Injection,Injection,spores,65,3850,77.4,178,144.94,5.5,NA,0,0.12,NA,NA,0,NA,NA,0,0,0,0,0.35,13.89,48,42
X102,X102,52,42331,42290,688,Heemskerk,Production,Production,direct,99.5,2600,155.59,235.64,436.43,2.15,NA,77.15,31.39,3.09,1.52,0,NA,26.09,2.16,0.03,0,0,14.38,9.55,102,96
X12,X12,6,28142,23515,695,Insheim,Injection,Injection,direct,65,3850,77.4,178,144.94,5.5,NA,0,0.12,NA,NA,0,NA,NA,0,0,0,0,0.35,13.89,12,6
X137,X137,52,52270,52247,697,Heemskerk,Production,Production,spores,99.5,2600,155.59,235.64,436.43,2.15,NA,77.15,31.39,3.09,1.52,0,NA,26.09,2.16,0.03,0,0,14.38,9.55,137,131
X16,X16,10,66610,65230,709,Insheim,Production,Production,direct,165,3650,76.26,170.58,117.06,5.5,0,0.6,0.14,NA,NA,0,NA,1.81,0,0.03,0,0,0.26,1.52,16,10
X94,X94,44,46897,42492,737,Neustadt-Glewe,Production,Production,spores,97,2455,135.2,339.32,442.54,0.56,NA,42.11,17.13,0,NA,0,NA,19.49,1.8,0.13,0,0,9.04,8.52,94,88
X179,X179,94,20356,20356,757,Krafla,K-06,Production,direct,341.5,2000,0.03,0,251.42,1.21,54.63,1.34,0.55,NA,NA,1.36,0.36,0.53,0,0,0,0,0.26,0.27,179,173
X80,X80,35,62705,60255,761,Bad Blumau,Production,Production,spores,110,2843,4.08,8.87,532.25,10.21,NA,16.22,6.6,1.37,0.68,NA,NA,8.76,1.32,1.61,0,0,4.93,0.96,80,74
X74,X74,29,22032,19408,805,Bad Blumau,Injection,Injection,spores,100,3046,3.98,10.72,516.53,10.28,NA,16.65,6.77,1.25,0.62,NA,NA,8.34,1.3,1.55,0,0,4.75,0.74,74,68
X35,X35,17,36996,35046,848,Insheim,Injection,Injection,direct,65,3850,77.4,178,144.94,5.5,NA,0,0.12,NA,NA,0,NA,NA,0,0,0,0,0.35,13.89,35,29
X251,X251,116,29664,28546,853,Theistareykir,PG-4,Production,spores,344.6,2240,0.03,0,5.53,1.81,39.35,0,NA,NA,NA,0,NA,0.26,0,0.01,0,0,0.02,0.23,251,245
X105,X105,55,35196,34998,905,Heemskerk,Production,Production,direct,99.5,2600,155.59,235.64,436.43,2.15,NA,77.15,31.39,3.09,1.52,0,NA,26.09,2.16,0.03,0,0,14.38,9.55,105,99
X138,X138,53,36663,36663,929,Heemskerk,Production,Production,spores,99.5,2600,155.59,235.64,436.43,2.15,NA,77.15,31.39,3.09,1.52,0,NA,26.09,2.16,0.03,0,0,14.38,9.55,138,132
X175,X175,90,40798,40798,939,Krafla,K-06,Production,direct,341.5,2000,0.03,0,251.42,1.21,54.63,1.34,0.55,NA,NA,1.36,0.36,0.53,0,0,0,0,0.26,0.27,175,169
B4,B4,NA,19888,19888,943,Blank,NA,NA,NA,NA,NA,NA,NA,NA,NA,NA,NA,NA,NA,NA,NA,NA,NA,NA,NA,NA,NA,NA,NA,B4,265
X144,X144,59,14742,14718,999,Heemskerk,Production,Production,spores,99.5,2600,155.59,235.64,436.43,2.15,NA,77.15,31.39,3.09,1.52,0,NA,26.09,2.16,0.03,0,0,14.38,9.55,144,138
X91,X91,41,56032,53255,1048,Neustadt-Glewe,Production,Production,spores,97,2455,135.2,339.32,442.54,0.56,NA,42.11,17.13,0,NA,0,NA,19.49,1.8,0.13,0,0,9.04,8.52,91,85
X26,X26,8,17630,15952,1145,Insheim,Production,Production,spores,165,3650,76.26,170.58,117.06,5.5,0,0.6,0.14,NA,NA,0,NA,1.81,0,0.03,0,0,0.26,1.52,26,20
X37,X37,19,22421,22216,1240,Insheim,Injection,Injection,direct,65,3850,77.4,178,144.94,5.5,NA,0,0.12,NA,NA,0,NA,NA,0,0,0,0,0.35,13.89,37,31
B8,B8,NA,35669,35669,1266,Blank,NA,NA,NA,NA,NA,NA,NA,NA,NA,NA,NA,NA,NA,NA,NA,NA,NA,NA,NA,NA,NA,NA,NA,B8,269
X19,X19,1,40453,37646,1316,Insheim,Injection,Injection,spores,65,3850,77.4,178,144.94,5.5,NA,0,0.12,NA,NA,0,NA,NA,0,0,0,0,0.35,13.89,19,13
X182,X182,97,20897,19325,1331,Krafla,K-32,Injection,direct,174.4,1875,0.05,0,326.43,1.2,106.52,1.96,0.8,NA,NA,3.35,0.89,0.75,0,0,0,0,0.32,0.43,182,176
X135,X135,50,40614,40606,1334,Heemskerk,Production,Production,spores,99.5,2600,155.59,235.64,436.43,2.15,NA,77.15,31.39,3.09,1.52,0,NA,26.09,2.16,0.03,0,0,14.38,9.55,135,129
X39,X39,21,22799,22799,1364,Insheim,Production,Production,direct,165,3650,76.26,170.58,117.06,5.5,0,0.6,0.14,NA,NA,0,NA,1.81,0,0.03,0,0,0.26,1.52,39,33
B11,B11,NA,28068,27401,1412,Blank,NA,NA,NA,NA,NA,NA,NA,NA,NA,NA,NA,NA,NA,NA,NA,NA,NA,NA,NA,NA,NA,NA,NA,B11,272
X87,X87,42,40729,40194,1415,Neustadt-Glewe,Production,Production,direct,97,2455,135.2,339.32,442.54,0.56,NA,42.11,17.13,0,NA,0,NA,19.49,1.8,0.13,0,0,9.04,8.52,87,81
X184,X184,99,44563,43869,1444,Krafla,K-32,Injection,direct,174.4,1875,0.05,0,326.43,1.2,106.52,1.96,0.8,NA,NA,3.35,0.89,0.75,0,0,0,0,0.32,0.43,184,178
X134,X134,49,35498,35530,1454,Heemskerk,Production,Production,spores,99.5,2600,155.59,235.64,436.43,2.15,NA,77.15,31.39,3.09,1.52,0,NA,26.09,2.16,0.03,0,0,14.38,9.55,134,128
X209,X209,104,31584,31261,1468,Theistareykir,PN-2,Injection,direct,185,444,NA,NA,NA,NA,NA,NA,NA,NA,NA,NA,NA,NA,NA,NA,NA,NA,NA,NA,209,203
X171,X171,86,23158,23158,1483,Krafla,K-26,Injection,direct,106.8,2127,0.05,0,247.56,1.5,63.04,1.6,0.65,NA,NA,1.45,0.39,0.9,0,0.01,0,0,0.34,0.56,171,165
X71,X71,26,43363,43363,1516,Bad Blumau,Injection,Injection,spores,100,3046,3.98,10.72,516.53,10.28,NA,16.65,6.77,1.25,0.62,NA,NA,8.34,1.3,1.55,0,0,4.75,0.74,71,65
X31,X31,13,23652,23057,1628,Insheim,Injection,Injection,direct,65,3850,77.4,178,144.94,5.5,NA,0,0.12,NA,NA,0,NA,NA,0,0,0,0,0.35,13.89,31,25
X232,X232,127,36114,33500,1634,Theistareykir,PG-4,Production,direct,344.6,2240,0.03,0,5.53,1.81,39.35,0,NA,NA,NA,0,NA,0.26,0,0.01,0,0,0.02,0.23,232,226
X210,X210,105,47133,46838,1665,Theistareykir,PG-5B,Production,direct,235.15,2499,0.05,0,32.59,1.41,39.5,0,NA,NA,NA,1.46,0.39,0.25,0,0,0,0,0.02,0.23,210,204
X222,X222,117,30777,30777,1740,Theistareykir,PG-4,Production,direct,344.6,2240,0.03,0,5.53,1.81,39.35,0,NA,NA,NA,0,NA,0.26,0,0.01,0,0,0.02,0.23,222,216
X17,X17,11,62831,57151,1748,Insheim,Production,Production,direct,165,3650,76.26,170.58,117.06,5.5,0,0.6,0.14,NA,NA,0,NA,1.81,0,0.03,0,0,0.26,1.52,17,11
X47,X47,17,11336,10764,1779,Insheim,Injection,Injection,spores,65,3850,77.4,178,144.94,5.5,NA,0,0.12,NA,NA,0,NA,NA,0,0,0,0,0.35,13.89,47,41
X236,X236,101,44965,43869,1830,Theistareykir,PN-2,Injection,spores,185,444,NA,NA,NA,NA,NA,NA,NA,NA,NA,NA,NA,NA,NA,NA,NA,NA,NA,NA,236,230
X84,X84,39,29761,26473,1856,Bad Blumau,Production,Production,spores,110,2843,4.08,8.87,532.25,10.21,NA,16.22,6.6,1.37,0.68,NA,NA,8.76,1.32,1.61,0,0,4.93,0.96,84,78
X172,X172,87,57633,53956,1873,Krafla,K-26,Injection,direct,106.8,2127,0.05,0,247.56,1.5,63.04,1.6,0.65,NA,NA,1.45,0.39,0.9,0,0.01,0,0,0.34,0.56,172,166
B21,B21,NA,34086,34086,1879,Blank,NA,NA,NA,NA,NA,NA,NA,NA,NA,NA,NA,NA,NA,NA,NA,NA,NA,NA,NA,NA,NA,NA,NA,B21,282
X257,X257,122,31828,31828,1937,Theistareykir,PG-4,Production,spores,344.6,2240,0.03,0,5.53,1.81,39.35,0,NA,NA,NA,0,NA,0.26,0,0.01,0,0,0.02,0.23,257,251
X245,X245,110,9693,9477,1947,Theistareykir,PG-14,Injection,spores,185,2500,0.06,0,20.27,1.2,37.8,0,NA,NA,NA,1.7,0.45,0.35,0,0,0,0,0.02,0.33,245,239
B20,B20,NA,19763,19471,1986,Blank,NA,NA,NA,NA,NA,NA,NA,NA,NA,NA,NA,NA,NA,NA,NA,NA,NA,NA,NA,NA,NA,NA,NA,B20,281
B10,B10,NA,27315,27315,1989,Blank,NA,NA,NA,NA,NA,NA,NA,NA,NA,NA,NA,NA,NA,NA,NA,NA,NA,NA,NA,NA,NA,NA,NA,B10,271
X104,X104,54,43319,43296,2049,Heemskerk,Production,Production,direct,99.5,2600,155.59,235.64,436.43,2.15,NA,77.15,31.39,3.09,1.52,0,NA,26.09,2.16,0.03,0,0,14.38,9.55,104,98
X32,X32,14,35790,34142,2078,Insheim,Injection,Injection,direct,65,3850,77.4,178,144.94,5.5,NA,0,0.12,NA,NA,0,NA,NA,0,0,0,0,0.35,13.89,32,26
X185,X185,80,63835,63938,2127,Krafla,K-26,Injection,spores,106.8,2127,0.05,0,247.56,1.5,63.04,1.6,0.65,NA,NA,1.45,0.39,0.9,0,0.01,0,0,0.34,0.56,185,179
X89,X89,44,54666,52769,2182,Neustadt-Glewe,Production,Production,direct,97,2455,135.2,339.32,442.54,0.56,NA,42.11,17.13,0,NA,0,NA,19.49,1.8,0.13,0,0,9.04,8.52,89,83
X255,X255,120,22355,22355,2216,Theistareykir,PG-4,Production,spores,344.6,2240,0.03,0,5.53,1.81,39.35,0,NA,NA,NA,0,NA,0.26,0,0.01,0,0,0.02,0.23,255,249
X218,X218,113,38571,37353,2217,Theistareykir,PG-14,Injection,direct,185,2500,0.06,0,20.27,1.2,37.8,0,NA,NA,NA,1.7,0.45,0.35,0,0,0,0,0.02,0.33,218,212
X221,X221,116,27455,26758,2267,Theistareykir,PG-4,Production,direct,344.6,2240,0.03,0,5.53,1.81,39.35,0,NA,NA,NA,0,NA,0.26,0,0.01,0,0,0.02,0.23,221,215
X229,X229,124,24841,24841,2293,Theistareykir,PG-4,Production,direct,344.6,2240,0.03,0,5.53,1.81,39.35,0,NA,NA,NA,0,NA,0.26,0,0.01,0,0,0.02,0.23,229,223
X14,X14,8,35367,30060,2447,Insheim,Production,Production,direct,165,3650,76.26,170.58,117.06,5.5,0,0.6,0.14,NA,NA,0,NA,1.81,0,0.03,0,0,0.26,1.52,14,8
X88,X88,43,49073,47384,2484,Neustadt-Glewe,Production,Production,direct,97,2455,135.2,339.32,442.54,0.56,NA,42.11,17.13,0,NA,0,NA,19.49,1.8,0.13,0,0,9.04,8.52,88,82
X227,X227,122,35043,34847,2551,Theistareykir,PG-4,Production,direct,344.6,2240,0.03,0,5.53,1.81,39.35,0,NA,NA,NA,0,NA,0.26,0,0.01,0,0,0.02,0.23,227,221
X230,X230,125,30265,29522,2564,Theistareykir,PG-4,Production,direct,344.6,2240,0.03,0,5.53,1.81,39.35,0,NA,NA,NA,0,NA,0.26,0,0.01,0,0,0.02,0.23,230,224
X136,X136,51,42825,42629,2574,Heemskerk,Production,Production,spores,99.5,2600,155.59,235.64,436.43,2.15,NA,77.15,31.39,3.09,1.52,0,NA,26.09,2.16,0.03,0,0,14.38,9.55,136,130
B2,B2,NA,34502,33875,2612,Blank,NA,NA,NA,NA,NA,NA,NA,NA,NA,NA,NA,NA,NA,NA,NA,NA,NA,NA,NA,NA,NA,NA,NA,B2,263
X133,X133,48,34658,34620,2619,Heemskerk,Production,Production,spores,99.5,2600,155.59,235.64,436.43,2.15,NA,77.15,31.39,3.09,1.52,0,NA,26.09,2.16,0.03,0,0,14.38,9.55,133,127
X79,X79,34,45629,42819,2732,Bad Blumau,Middle,HeatCentral,spores,47,1200,4.07,9.08,538.24,10.25,NA,15.44,6.28,1.29,0.63,NA,NA,7.51,0.84,1.38,0,0,4.59,0.7,79,73
X45,X45,15,54013,49392,2732,Insheim,Injection,Injection,spores,65,3850,77.4,178,144.94,5.5,NA,0,0.12,NA,NA,0,NA,NA,0,0,0,0,0.35,13.89,45,39
X174,X174,89,22855,22067,2747,Krafla,K-26,Injection,direct,106.8,2127,0.05,0,247.56,1.5,63.04,1.6,0.65,NA,NA,1.45,0.39,0.9,0,0.01,0,0,0.34,0.56,174,168
X100,X100,50,36786,36308,2759,Heemskerk,Production,Production,direct,99.5,2600,155.59,235.64,436.43,2.15,NA,77.15,31.39,3.09,1.52,0,NA,26.09,2.16,0.03,0,0,14.38,9.55,100,94
X99,X99,49,46433,46341,2759,Heemskerk,Production,Production,direct,99.5,2600,155.59,235.64,436.43,2.15,NA,77.15,31.39,3.09,1.52,0,NA,26.09,2.16,0.03,0,0,14.38,9.55,99,93
X27,X27,9,46487,45707,2817,Insheim,Production,Production,spores,165,3650,76.26,170.58,117.06,5.5,0,0.6,0.14,NA,NA,0,NA,1.81,0,0.03,0,0,0.26,1.52,27,21
Bb,Bb,NA,38153,37826,2914,Blank,NA,NA,NA,NA,NA,NA,NA,NA,NA,NA,NA,NA,NA,NA,NA,NA,NA,NA,NA,NA,NA,NA,NA,Bb,284
X75,X75,30,53470,48377,3058,Bad Blumau,Middle,HeatCentral,spores,47,1200,4.07,9.08,538.24,10.25,NA,15.44,6.28,1.29,0.63,NA,NA,7.51,0.84,1.38,0,0,4.59,0.7,75,69
X259,X259,124,42702,42702,3118,Theistareykir,PG-4,Production,spores,344.6,2240,0.03,0,5.53,1.81,39.35,0,NA,NA,NA,0,NA,0.26,0,0.01,0,0,0.02,0.23,259,253
X186,X186,81,31812,31812,3127,Krafla,K-26,Injection,spores,106.8,2127,0.05,0,247.56,1.5,63.04,1.6,0.65,NA,NA,1.45,0.39,0.9,0,0.01,0,0,0.34,0.56,186,180
X145,X145,60,10439,10370,3155,Heemskerk,Injection,Injection,spores,43.2,2600,148.99,218.6,423.68,2.23,NA,76.38,31.08,3.13,1.54,0,NA,26.03,0,0.06,0,0,14.83,11.14,145,139
X181,X181,96,29203,26302,3159,Krafla,K-32,Injection,direct,174.4,1875,0.05,0,326.43,1.2,106.52,1.96,0.8,NA,NA,3.35,0.89,0.75,0,0,0,0,0.32,0.43,181,175
X203,X203,98,39195,38286,3188,Krafla,K-32,Injection,spores,174.4,1875,0.05,0,326.43,1.2,106.52,1.96,0.8,NA,NA,3.35,0.89,0.75,0,0,0,0,0.32,0.43,203,197
X263,X263,128,17929,17929,3476,Theistareykir,PG-4,Production,spores,344.6,2240,0.03,0,5.53,1.81,39.35,0,NA,NA,NA,0,NA,0.26,0,0.01,0,0,0.02,0.23,263,257
X22,X22,4,42616,41054,3477,Insheim,Injection,Injection,spores,65,3850,77.4,178,144.94,5.5,NA,0,0.12,NA,NA,0,NA,NA,0,0,0,0,0.35,13.89,22,16
X38,X38,20,36832,36037,3549,Insheim,Injection,Injection,direct,65,3850,77.4,178,144.94,5.5,NA,0,0.12,NA,NA,0,NA,NA,0,0,0,0,0.35,13.89,38,32
X108,X108,58,61899,61631,3648,Heemskerk,Production,Production,direct,99.5,2600,155.59,235.64,436.43,2.15,NA,77.15,31.39,3.09,1.52,0,NA,26.09,2.16,0.03,0,0,14.38,9.55,108,102
X95,X95,45,30542,30495,3668,Heemskerk,Production,Production,direct,99.5,2600,155.59,235.64,436.43,2.15,NA,77.15,31.39,3.09,1.52,0,NA,26.09,2.16,0.03,0,0,14.38,9.55,95,89
X224,X224,119,26390,26390,3736,Theistareykir,PG-4,Production,direct,344.6,2240,0.03,0,5.53,1.81,39.35,0,NA,NA,NA,0,NA,0.26,0,0.01,0,0,0.02,0.23,224,218
X173,X173,88,36835,34778,3790,Krafla,K-26,Injection,direct,106.8,2127,0.05,0,247.56,1.5,63.04,1.6,0.65,NA,NA,1.45,0.39,0.9,0,0.01,0,0,0.34,0.56,173,167
B6,B6,NA,29800,29800,3833,Blank,NA,NA,NA,NA,NA,NA,NA,NA,NA,NA,NA,NA,NA,NA,NA,NA,NA,NA,NA,NA,NA,NA,NA,B6,267
X85,X85,40,33509,32619,3835,Neustadt-Glewe,Production,Production,direct,97,2455,135.2,339.32,442.54,0.56,NA,42.11,17.13,0,NA,0,NA,19.49,1.8,0.13,0,0,9.04,8.52,85,79
X40,X40,22,69144,65652,3952,Insheim,Production,Production,direct,165,3650,76.26,170.58,117.06,5.5,0,0.6,0.14,NA,NA,0,NA,1.81,0,0.03,0,0,0.26,1.52,40,34
X201,X201,96,30299,28514,3983,Krafla,K-32,Injection,spores,174.4,1875,0.05,0,326.43,1.2,106.52,1.96,0.8,NA,NA,3.35,0.89,0.75,0,0,0,0,0.32,0.43,201,195
X223,X223,118,15723,15723,4092,Theistareykir,PG-4,Production,direct,344.6,2240,0.03,0,5.53,1.81,39.35,0,NA,NA,NA,0,NA,0.26,0,0.01,0,0,0.02,0.23,223,217
X193,X193,88,44088,40777,4150,Krafla,K-26,Injection,spores,106.8,2127,0.05,0,247.56,1.5,63.04,1.6,0.65,NA,NA,1.45,0.39,0.9,0,0.01,0,0,0.34,0.56,193,187
X78,X78,33,50510,45739,4154,Bad Blumau,Middle,HeatCentral,spores,47,1200,4.07,9.08,538.24,10.25,NA,15.44,6.28,1.29,0.63,NA,NA,7.51,0.84,1.38,0,0,4.59,0.7,78,72
X131,X131,46,34618,34618,4170,Heemskerk,Production,Production,spores,99.5,2600,155.59,235.64,436.43,2.15,NA,77.15,31.39,3.09,1.52,0,NA,26.09,2.16,0.03,0,0,14.38,9.55,131,125
X180,X180,95,52357,52357,4195,Krafla,K-32,Injection,direct,174.4,1875,0.05,0,326.43,1.2,106.52,1.96,0.8,NA,NA,3.35,0.89,0.75,0,0,0,0,0.32,0.43,180,174
B9,B9,NA,33837,32723,4361,Blank,NA,NA,NA,NA,NA,NA,NA,NA,NA,NA,NA,NA,NA,NA,NA,NA,NA,NA,NA,NA,NA,NA,NA,B9,270
B14,B14,NA,39678,39678,4374,Blank,NA,NA,NA,NA,NA,NA,NA,NA,NA,NA,NA,NA,NA,NA,NA,NA,NA,NA,NA,NA,NA,NA,NA,B14,275
X73,X73,28,63252,58712,4472,Bad Blumau,Injection,Injection,spores,100,3046,3.98,10.72,516.53,10.28,NA,16.65,6.77,1.25,0.62,NA,NA,8.34,1.3,1.55,0,0,4.75,0.74,73,67
B17,B17,NA,46531,45820,4506,Blank,NA,NA,NA,NA,NA,NA,NA,NA,NA,NA,NA,NA,NA,NA,NA,NA,NA,NA,NA,NA,NA,NA,NA,B17,278
X237,X237,102,33738,32762,4534,Theistareykir,PN-2,Injection,spores,185,444,NA,NA,NA,NA,NA,NA,NA,NA,NA,NA,NA,NA,NA,NA,NA,NA,NA,NA,237,231
X70,X70,25,54817,51008,4593,Bad Blumau,Injection,Injection,spores,100,3046,3.98,10.72,516.53,10.28,NA,16.65,6.77,1.25,0.62,NA,NA,8.34,1.3,1.55,0,0,4.75,0.74,70,64
X36,X36,18,26749,22731,4647,Insheim,Injection,Injection,direct,65,3850,77.4,178,144.94,5.5,NA,0,0.12,NA,NA,0,NA,NA,0,0,0,0,0.35,13.89,36,30
X169,X169,84,46533,45276,4694,Krafla,K-26,Injection,direct,106.8,2127,0.05,0,247.56,1.5,63.04,1.6,0.65,NA,NA,1.45,0.39,0.9,0,0.01,0,0,0.34,0.56,169,163
X243,X243,108,11353,11172,4737,Theistareykir,PG-5B,Production,spores,235.15,2499,0.05,0,32.59,1.41,39.5,0,NA,NA,NA,1.46,0.39,0.25,0,0,0,0,0.02,0.23,243,237
X214,X214,109,36943,36943,4772,Theistareykir,PG-5B,Production,direct,235.15,2499,0.05,0,32.59,1.41,39.5,0,NA,NA,NA,1.46,0.39,0.25,0,0,0,0,0.02,0.23,214,208
X239,X239,104,5259,5127,4800,Theistareykir,PN-2,Injection,spores,185,444,NA,NA,NA,NA,NA,NA,NA,NA,NA,NA,NA,NA,NA,NA,NA,NA,NA,NA,239,233
X33,X33,15,37347,35134,4856,Insheim,Injection,Injection,direct,65,3850,77.4,178,144.94,5.5,NA,0,0.12,NA,NA,0,NA,NA,0,0,0,0,0.35,13.89,33,27
X140,X140,55,69192,69010,4874,Heemskerk,Production,Production,spores,99.5,2600,155.59,235.64,436.43,2.15,NA,77.15,31.39,3.09,1.52,0,NA,26.09,2.16,0.03,0,0,14.38,9.55,140,134
B1,B1,NA,50881,41006,4888,Blank,NA,NA,NA,NA,NA,NA,NA,NA,NA,NA,NA,NA,NA,NA,NA,NA,NA,NA,NA,NA,NA,NA,NA,B1,262
X261,X261,126,30456,30456,4951,Theistareykir,PG-4,Production,spores,344.6,2240,0.03,0,5.53,1.81,39.35,0,NA,NA,NA,0,NA,0.26,0,0.01,0,0,0.02,0.23,261,255
X76,X76,31,34152,28152,5007,Bad Blumau,Middle,HeatCentral,spores,47,1200,4.07,9.08,538.24,10.25,NA,15.44,6.28,1.29,0.63,NA,NA,7.51,0.84,1.38,0,0,4.59,0.7,76,70
X65,X65,35,58870,58475,5075,Bad Blumau,Production,Production,direct,110,2843,4.08,8.87,532.25,10.21,NA,16.22,6.6,1.37,0.68,NA,NA,8.76,1.32,1.61,0,0,4.93,0.96,65,59
B5,B5,NA,38527,38527,5111,Blank,NA,NA,NA,NA,NA,NA,NA,NA,NA,NA,NA,NA,NA,NA,NA,NA,NA,NA,NA,NA,NA,NA,NA,B5,266
X254,X254,119,30460,30460,5134,Theistareykir,PG-4,Production,spores,344.6,2240,0.03,0,5.53,1.81,39.35,0,NA,NA,NA,0,NA,0.26,0,0.01,0,0,0.02,0.23,254,248
X53,X53,23,15252,15004,5136,Insheim,Production,Production,spores,165,3650,76.26,170.58,117.06,5.5,0,0.6,0.14,NA,NA,0,NA,1.81,0,0.03,0,0,0.26,1.52,53,47
X241,X241,106,8945,8945,5273,Theistareykir,PG-5B,Production,spores,235.15,2499,0.05,0,32.59,1.41,39.5,0,NA,NA,NA,1.46,0.39,0.25,0,0,0,0,0.02,0.23,241,235
X208,X208,103,35553,35214,5321,Theistareykir,PN-2,Injection,direct,185,444,NA,NA,NA,NA,NA,NA,NA,NA,NA,NA,NA,NA,NA,NA,NA,NA,NA,NA,208,202
X219,X219,114,37127,37127,5420,Theistareykir,PG-14,Injection,direct,185,2500,0.06,0,20.27,1.2,37.8,0,NA,NA,NA,1.7,0.45,0.35,0,0,0,0,0.02,0.33,219,213
X199,X199,94,8521,8521,5451,Krafla,K-06,Production,spores,341.5,2000,0.03,0,251.42,1.21,54.63,1.34,0.55,NA,NA,1.36,0.36,0.53,0,0,0,0,0.26,0.27,199,193
X15,X15,9,32682,32344,5490,Insheim,Production,Production,direct,165,3650,76.26,170.58,117.06,5.5,0,0.6,0.14,NA,NA,0,NA,1.81,0,0.03,0,0,0.26,1.52,15,9
X238,X238,103,40589,40298,5662,Theistareykir,PN-2,Injection,spores,185,444,NA,NA,NA,NA,NA,NA,NA,NA,NA,NA,NA,NA,NA,NA,NA,NA,NA,NA,238,232
X168,X168,83,44726,40869,5697,Krafla,K-26,Injection,direct,106.8,2127,0.05,0,247.56,1.5,63.04,1.6,0.65,NA,NA,1.45,0.39,0.9,0,0.01,0,0,0.34,0.56,168,162
X51,X51,21,9266,8530,5704,Insheim,Production,Production,spores,165,3650,76.26,170.58,117.06,5.5,0,0.6,0.14,NA,NA,0,NA,1.81,0,0.03,0,0,0.26,1.52,51,45
X97,X97,47,39082,38984,5771,Heemskerk,Production,Production,direct,99.5,2600,155.59,235.64,436.43,2.15,NA,77.15,31.39,3.09,1.52,0,NA,26.09,2.16,0.03,0,0,14.38,9.55,97,91
X235,X235,100,45664,44755,5824,Theistareykir,PN-2,Injection,spores,185,444,NA,NA,NA,NA,NA,NA,NA,NA,NA,NA,NA,NA,NA,NA,NA,NA,NA,NA,235,229
X211,X211,106,45369,44653,5867,Theistareykir,PG-5B,Production,direct,235.15,2499,0.05,0,32.59,1.41,39.5,0,NA,NA,NA,1.46,0.39,0.25,0,0,0,0,0.02,0.23,211,205
B15,B15,NA,61387,61344,5879,Blank,NA,NA,NA,NA,NA,NA,NA,NA,NA,NA,NA,NA,NA,NA,NA,NA,NA,NA,NA,NA,NA,NA,NA,B15,276
B7,B7,NA,33658,33658,5915,Blank,NA,NA,NA,NA,NA,NA,NA,NA,NA,NA,NA,NA,NA,NA,NA,NA,NA,NA,NA,NA,NA,NA,NA,B7,268
X77,X77,32,52134,47814,5970,Bad Blumau,Middle,HeatCentral,spores,47,1200,4.07,9.08,538.24,10.25,NA,15.44,6.28,1.29,0.63,NA,NA,7.51,0.84,1.38,0,0,4.59,0.7,77,71
X202,X202,97,37543,36688,6062,Krafla,K-32,Injection,spores,174.4,1875,0.05,0,326.43,1.2,106.52,1.96,0.8,NA,NA,3.35,0.89,0.75,0,0,0,0,0.32,0.43,202,196
X18,X18,12,18054,16608,6063,Insheim,Production,Production,direct,165,3650,76.26,170.58,117.06,5.5,0,0.6,0.14,NA,NA,0,NA,1.81,0,0.03,0,0,0.26,1.52,18,12
X206,X206,101,29231,29190,6118,Theistareykir,PN-2,Injection,direct,185,444,NA,NA,NA,NA,NA,NA,NA,NA,NA,NA,NA,NA,NA,NA,NA,NA,NA,NA,206,200
X233,X233,128,30131,29857,6168,Theistareykir,PG-4,Production,direct,344.6,2240,0.03,0,5.53,1.81,39.35,0,NA,NA,NA,0,NA,0.26,0,0.01,0,0,0.02,0.23,233,227
X13,X13,7,42187,41869,6172,Insheim,Production,Production,direct,165,3650,76.26,170.58,117.06,5.5,0,0.6,0.14,NA,NA,0,NA,1.81,0,0.03,0,0,0.26,1.52,13,7
B19,B19,NA,39517,37923,6334,Blank,NA,NA,NA,NA,NA,NA,NA,NA,NA,NA,NA,NA,NA,NA,NA,NA,NA,NA,NA,NA,NA,NA,NA,B19,280
X163,X163,78,39475,39159,6411,Heemskerk,Injection,Injection,spores,43.2,2600,148.99,218.6,423.68,2.23,NA,76.38,31.08,3.13,1.54,0,NA,26.03,0,0.06,0,0,14.83,11.14,163,157
X106,X106,56,36720,36609,6554,Heemskerk,Production,Production,direct,99.5,2600,155.59,235.64,436.43,2.15,NA,77.15,31.39,3.09,1.52,0,NA,26.09,2.16,0.03,0,0,14.38,9.55,106,100
X142,X142,57,49579,49396,6564,Heemskerk,Production,Production,spores,99.5,2600,155.59,235.64,436.43,2.15,NA,77.15,31.39,3.09,1.52,0,NA,26.09,2.16,0.03,0,0,14.38,9.55,142,136
X34,X34,16,12978,11984,6566,Insheim,Injection,Injection,direct,65,3850,77.4,178,144.94,5.5,NA,0,0.12,NA,NA,0,NA,NA,0,0,0,0,0.35,13.89,34,28
X20,X20,2,32716,27064,6617,Insheim,Injection,Injection,spores,65,3850,77.4,178,144.94,5.5,NA,0,0.12,NA,NA,0,NA,NA,0,0,0,0,0.35,13.89,20,14
X50,X50,20,4657,4290,6619,Insheim,Injection,Injection,spores,65,3850,77.4,178,144.94,5.5,NA,0,0.12,NA,NA,0,NA,NA,0,0,0,0,0.35,13.89,50,44
X10,X10,4,13512,11850,6798,Insheim,Injection,Injection,direct,65,3850,77.4,178,144.94,5.5,NA,0,0.12,NA,NA,0,NA,NA,0,0,0,0,0.35,13.89,10,4
X170,X170,85,32743,32743,6922,Krafla,K-26,Injection,direct,106.8,2127,0.05,0,247.56,1.5,63.04,1.6,0.65,NA,NA,1.45,0.39,0.9,0,0.01,0,0,0.34,0.56,170,164
X21,X21,3,28404,28335,7272,Insheim,Injection,Injection,spores,65,3850,77.4,178,144.94,5.5,NA,0,0.12,NA,NA,0,NA,NA,0,0,0,0,0.35,13.89,21,15
X207,X207,102,22557,22161,7309,Theistareykir,PN-2,Injection,direct,185,444,NA,NA,NA,NA,NA,NA,NA,NA,NA,NA,NA,NA,NA,NA,NA,NA,NA,NA,207,201
X96,X96,46,40892,40773,7423,Heemskerk,Production,Production,direct,99.5,2600,155.59,235.64,436.43,2.15,NA,77.15,31.39,3.09,1.52,0,NA,26.09,2.16,0.03,0,0,14.38,9.55,96,90
X247,X247,112,21563,21563,7447,Theistareykir,PG-14,Injection,spores,185,2500,0.06,0,20.27,1.2,37.8,0,NA,NA,NA,1.7,0.45,0.35,0,0,0,0,0.02,0.33,247,241
X67,X67,37,50557,50199,7714,Bad Blumau,Production,Production,direct,110,2843,4.08,8.87,532.25,10.21,NA,16.22,6.6,1.37,0.68,NA,NA,8.76,1.32,1.61,0,0,4.93,0.96,67,61
X64,X64,34,51040,49424,7795,Bad Blumau,Middle,HeatCentral,direct,47,1200,4.07,9.08,538.24,10.25,NA,15.44,6.28,1.29,0.63,NA,NA,7.51,0.84,1.38,0,0,4.59,0.7,64,58
B22,B22,NA,25493,24565,8009,Blank,NA,NA,NA,NA,NA,NA,NA,NA,NA,NA,NA,NA,NA,NA,NA,NA,NA,NA,NA,NA,NA,NA,NA,B22,283
X63,X63,33,33963,32684,8058,Bad Blumau,Middle,HeatCentral,direct,47,1200,4.07,9.08,538.24,10.25,NA,15.44,6.28,1.29,0.63,NA,NA,7.51,0.84,1.38,0,0,4.59,0.7,63,57
X240,X240,105,9342,9342,8435,Theistareykir,PG-5B,Production,spores,235.15,2499,0.05,0,32.59,1.41,39.5,0,NA,NA,NA,1.46,0.39,0.25,0,0,0,0,0.02,0.23,240,234
B3,B3,NA,41170,41011,8529,Blank,NA,NA,NA,NA,NA,NA,NA,NA,NA,NA,NA,NA,NA,NA,NA,NA,NA,NA,NA,NA,NA,NA,NA,B3,264
X82,X82,37,14472,13341,8785,Bad Blumau,Production,Production,spores,110,2843,4.08,8.87,532.25,10.21,NA,16.22,6.6,1.37,0.68,NA,NA,8.76,1.32,1.61,0,0,4.93,0.96,82,76
X194,X194,89,30890,32135,8994,Krafla,K-26,Injection,spores,106.8,2127,0.05,0,247.56,1.5,63.04,1.6,0.65,NA,NA,1.45,0.39,0.9,0,0.01,0,0,0.34,0.56,194,188
X190,X190,85,27419,26860,9069,Krafla,K-26,Injection,spores,106.8,2127,0.05,0,247.56,1.5,63.04,1.6,0.65,NA,NA,1.45,0.39,0.9,0,0.01,0,0,0.34,0.56,190,184
X9,X9,3,47845,46116,9266,Insheim,Injection,Injection,direct,65,3850,77.4,178,144.94,5.5,NA,0,0.12,NA,NA,0,NA,NA,0,0,0,0,0.35,13.89,9,3
X220,X220,115,37786,37786,9320,Theistareykir,PG-4,Production,direct,344.6,2240,0.03,0,5.53,1.81,39.35,0,NA,NA,NA,0,NA,0.26,0,0.01,0,0,0.02,0.23,220,214
X165,X165,80,41531,41434,9426,Krafla,K-26,Injection,direct,106.8,2127,0.05,0,247.56,1.5,63.04,1.6,0.65,NA,NA,1.45,0.39,0.9,0,0.01,0,0,0.34,0.56,165,159
A,A,NA,36283,35558,9815,eau physiologique ,NA,NA,direct,NA,NA,NA,NA,NA,NA,NA,NA,NA,NA,NA,NA,NA,NA,NA,NA,NA,NA,NA,NA,A,259
X198,X198,93,20458,19941,9817,Krafla,K-06,Production,spores,341.5,2000,0.03,0,251.42,1.21,54.63,1.34,0.55,NA,NA,1.36,0.36,0.53,0,0,0,0,0.26,0.27,198,192
X139,X139,54,49727,49542,9971,Heemskerk,Production,Production,spores,99.5,2600,155.59,235.64,436.43,2.15,NA,77.15,31.39,3.09,1.52,0,NA,26.09,2.16,0.03,0,0,14.38,9.55,139,133
X225,X225,120,25468,24743,10031,Theistareykir,PG-4,Production,direct,344.6,2240,0.03,0,5.53,1.81,39.35,0,NA,NA,NA,0,NA,0.26,0,0.01,0,0,0.02,0.23,225,219
X141,X141,56,60580,60288,10317,Heemskerk,Production,Production,spores,99.5,2600,155.59,235.64,436.43,2.15,NA,77.15,31.39,3.09,1.52,0,NA,26.09,2.16,0.03,0,0,14.38,9.55,141,135
X68,X68,38,46590,45965,10408,Bad Blumau,Production,Production,direct,110,2843,4.08,8.87,532.25,10.21,NA,16.22,6.6,1.37,0.68,NA,NA,8.76,1.32,1.61,0,0,4.93,0.96,68,62
X72,X72,27,58703,56873,10523,Bad Blumau,Injection,Injection,spores,100,3046,3.98,10.72,516.53,10.28,NA,16.65,6.77,1.25,0.62,NA,NA,8.34,1.3,1.55,0,0,4.75,0.74,72,66
X55,X55,25,22693,22443,10780,Bad Blumau,Injection,Injection,direct,100,3046,3.98,10.72,516.53,10.28,NA,16.65,6.77,1.25,0.62,NA,NA,8.34,1.3,1.55,0,0,4.75,0.74,55,49
X92,X92,42,41257,34430,11494,Neustadt-Glewe,Production,Production,spores,97,2455,135.2,339.32,442.54,0.56,NA,42.11,17.13,0,NA,0,NA,19.49,1.8,0.13,0,0,9.04,8.52,92,86
B16,B16,NA,69946,69867,11648,Blank,NA,NA,NA,NA,NA,NA,NA,NA,NA,NA,NA,NA,NA,NA,NA,NA,NA,NA,NA,NA,NA,NA,NA,B16,277
X249,X249,114,29741,28445,11750,Theistareykir,PG-14,Injection,spores,185,2500,0.06,0,20.27,1.2,37.8,0,NA,NA,NA,1.7,0.45,0.35,0,0,0,0,0.02,0.33,249,243
X234,X234,129,44328,42217,11845,Theistareykir,PG-4,Production,direct,344.6,2240,0.03,0,5.53,1.81,39.35,0,NA,NA,NA,0,NA,0.26,0,0.01,0,0,0.02,0.23,234,228
X253,X253,118,24305,24305,11905,Theistareykir,PG-4,Production,spores,344.6,2240,0.03,0,5.53,1.81,39.35,0,NA,NA,NA,0,NA,0.26,0,0.01,0,0,0.02,0.23,253,247
X256,X256,121,31507,31507,11985,Theistareykir,PG-4,Production,spores,344.6,2240,0.03,0,5.53,1.81,39.35,0,NA,NA,NA,0,NA,0.26,0,0.01,0,0,0.02,0.23,256,250
X61,X61,31,25379,24482,12023,Bad Blumau,Middle,HeatCentral,direct,47,1200,4.07,9.08,538.24,10.25,NA,15.44,6.28,1.29,0.63,NA,NA,7.51,0.84,1.38,0,0,4.59,0.7,61,55
X250,X250,115,38490,38490,12251,Theistareykir,PG-4,Production,spores,344.6,2240,0.03,0,5.53,1.81,39.35,0,NA,NA,NA,0,NA,0.26,0,0.01,0,0,0.02,0.23,250,244
X200,X200,95,34065,33141,13647,Krafla,K-32,Injection,spores,174.4,1875,0.05,0,326.43,1.2,106.52,1.96,0.8,NA,NA,3.35,0.89,0.75,0,0,0,0,0.32,0.43,200,194
X246,X246,111,9927,9927,13848,Theistareykir,PG-14,Injection,spores,185,2500,0.06,0,20.27,1.2,37.8,0,NA,NA,NA,1.7,0.45,0.35,0,0,0,0,0.02,0.33,246,240
X98,X98,48,17003,16947,14137,Heemskerk,Production,Production,direct,99.5,2600,155.59,235.64,436.43,2.15,NA,77.15,31.39,3.09,1.52,0,NA,26.09,2.16,0.03,0,0,14.38,9.55,98,92
X30,X30,12,36313,34575,14370,Insheim,Production,Production,spores,165,3650,76.26,170.58,117.06,5.5,0,0.6,0.14,NA,NA,0,NA,1.81,0,0.03,0,0,0.26,1.52,30,24
X42,X42,24,22620,19832,14988,Insheim,Production,Production,direct,165,3650,76.26,170.58,117.06,5.5,0,0.6,0.14,NA,NA,0,NA,1.81,0,0.03,0,0,0.26,1.52,42,36
X213,X213,108,32435,32229,15032,Theistareykir,PG-5B,Production,direct,235.15,2499,0.05,0,32.59,1.41,39.5,0,NA,NA,NA,1.46,0.39,0.25,0,0,0,0,0.02,0.23,213,207
X161,X161,76,44560,44486,15422,Heemskerk,Injection,Injection,spores,43.2,2600,148.99,218.6,423.68,2.23,NA,76.38,31.08,3.13,1.54,0,NA,26.03,0,0.06,0,0,14.83,11.14,161,155
X44,X44,14,34141,29328,15550,Insheim,Injection,Injection,spores,65,3850,77.4,178,144.94,5.5,NA,0,0.12,NA,NA,0,NA,NA,0,0,0,0,0.35,13.89,44,38
X258,X258,123,42778,42133,15653,Theistareykir,PG-4,Production,spores,344.6,2240,0.03,0,5.53,1.81,39.35,0,NA,NA,NA,0,NA,0.26,0,0.01,0,0,0.02,0.23,258,252
X212,X212,107,43398,43398,16031,Theistareykir,PG-5B,Production,direct,235.15,2499,0.05,0,32.59,1.41,39.5,0,NA,NA,NA,1.46,0.39,0.25,0,0,0,0,0.02,0.23,212,206
X46,X46,16,55457,51829,16751,Insheim,Injection,Injection,spores,65,3850,77.4,178,144.94,5.5,NA,0,0.12,NA,NA,0,NA,NA,0,0,0,0,0.35,13.89,46,40
X60,X60,30,32930,31984,16888,Bad Blumau,Middle,HeatCentral,direct,47,1200,4.07,9.08,538.24,10.25,NA,15.44,6.28,1.29,0.63,NA,NA,7.51,0.84,1.38,0,0,4.59,0.7,60,54
X90,X90,40,19028,17540,17056,Neustadt-Glewe,Production,Production,spores,97,2455,135.2,339.32,442.54,0.56,NA,42.11,17.13,0,NA,0,NA,19.49,1.8,0.13,0,0,9.04,8.52,90,84
X29,X29,11,30720,29721,17351,Insheim,Production,Production,spores,165,3650,76.26,170.58,117.06,5.5,0,0.6,0.14,NA,NA,0,NA,1.81,0,0.03,0,0,0.26,1.52,29,23
X244,X244,109,11093,11093,17431,Theistareykir,PG-5B,Production,spores,235.15,2499,0.05,0,32.59,1.41,39.5,0,NA,NA,NA,1.46,0.39,0.25,0,0,0,0,0.02,0.23,244,238
X28,X28,10,25633,20974,17818,Insheim,Production,Production,spores,165,3650,76.26,170.58,117.06,5.5,0,0.6,0.14,NA,NA,0,NA,1.81,0,0.03,0,0,0.26,1.52,28,22
X59,X59,29,37750,37367,19685,Bad Blumau,Injection,Injection,direct,100,3046,3.98,10.72,516.53,10.28,NA,16.65,6.77,1.25,0.62,NA,NA,8.34,1.3,1.55,0,0,4.75,0.74,59,53
X57,X57,27,38013,37497,19805,Bad Blumau,Injection,Injection,direct,100,3046,3.98,10.72,516.53,10.28,NA,16.65,6.77,1.25,0.62,NA,NA,8.34,1.3,1.55,0,0,4.75,0.74,57,51
X260,X260,125,28181,28174,20462,Theistareykir,PG-4,Production,spores,344.6,2240,0.03,0,5.53,1.81,39.35,0,NA,NA,NA,0,NA,0.26,0,0.01,0,0,0.02,0.23,260,254
X132,X132,47,40525,40286,21999,Heemskerk,Production,Production,spores,99.5,2600,155.59,235.64,436.43,2.15,NA,77.15,31.39,3.09,1.52,0,NA,26.09,2.16,0.03,0,0,14.38,9.55,132,126
X192,X192,87,40737,40415,22192,Krafla,K-26,Injection,spores,106.8,2127,0.05,0,247.56,1.5,63.04,1.6,0.65,NA,NA,1.45,0.39,0.9,0,0.01,0,0,0.34,0.56,192,186
X41,X41,23,89281,84902,22696,Insheim,Production,Production,direct,165,3650,76.26,170.58,117.06,5.5,0,0.6,0.14,NA,NA,0,NA,1.81,0,0.03,0,0,0.26,1.52,41,35
X252,X252,117,34794,34258,23252,Theistareykir,PG-4,Production,spores,344.6,2240,0.03,0,5.53,1.81,39.35,0,NA,NA,NA,0,NA,0.26,0,0.01,0,0,0.02,0.23,252,246
X56,X56,26,33421,33088,23340,Bad Blumau,Injection,Injection,direct,100,3046,3.98,10.72,516.53,10.28,NA,16.65,6.77,1.25,0.62,NA,NA,8.34,1.3,1.55,0,0,4.75,0.74,56,50
X153,X153,68,32068,32000,23667,Heemskerk,Injection,Injection,spores,43.2,2600,148.99,218.6,423.68,2.23,NA,76.38,31.08,3.13,1.54,0,NA,26.03,0,0.06,0,0,14.83,11.14,153,147
X62,X62,32,50249,48529,24088,Bad Blumau,Middle,HeatCentral,direct,47,1200,4.07,9.08,538.24,10.25,NA,15.44,6.28,1.29,0.63,NA,NA,7.51,0.84,1.38,0,0,4.59,0.7,62,56
X143,X143,58,7720,7696,24146,Heemskerk,Production,Production,spores,99.5,2600,155.59,235.64,436.43,2.15,NA,77.15,31.39,3.09,1.52,0,NA,26.09,2.16,0.03,0,0,14.38,9.55,143,137
X69,X69,39,40520,40214,24740,Bad Blumau,Production,Production,direct,110,2843,4.08,8.87,532.25,10.21,NA,16.22,6.6,1.37,0.68,NA,NA,8.76,1.32,1.61,0,0,4.93,0.96,69,63
X128,X128,78,0,0,24992,Heemskerk,Injection,Injection,direct,43.2,2600,148.99,218.6,423.68,2.23,NA,76.38,31.08,3.13,1.54,0,NA,26.03,0,0.06,0,0,14.83,11.14,128,122
X226,X226,121,38112,38071,25840,Theistareykir,PG-4,Production,direct,344.6,2240,0.03,0,5.53,1.81,39.35,0,NA,NA,NA,0,NA,0.26,0,0.01,0,0,0.02,0.23,226,220
X24,X24,6,43501,41402,26875,Insheim,Injection,Injection,spores,65,3850,77.4,178,144.94,5.5,NA,0,0.12,NA,NA,0,NA,NA,0,0,0,0,0.35,13.89,24,18
X151,X151,66,31372,31285,26932,Heemskerk,Injection,Injection,spores,43.2,2600,148.99,218.6,423.68,2.23,NA,76.38,31.08,3.13,1.54,0,NA,26.03,0,0.06,0,0,14.83,11.14,151,145
X129,X129,79,33636,33581,27301,Heemskerk,Injection,Injection,direct,43.2,2600,148.99,218.6,423.68,2.23,NA,76.38,31.08,3.13,1.54,0,NA,26.03,0,0.06,0,0,14.83,11.14,129,123
X187,X187,82,41003,41003,29321,Krafla,K-26,Injection,spores,106.8,2127,0.05,0,247.56,1.5,63.04,1.6,0.65,NA,NA,1.45,0.39,0.9,0,0.01,0,0,0.34,0.56,187,181
X183,X183,98,47134,46049,33051,Krafla,K-32,Injection,direct,174.4,1875,0.05,0,326.43,1.2,106.52,1.96,0.8,NA,NA,3.35,0.89,0.75,0,0,0,0,0.32,0.43,183,177
X166,X166,81,27145,27592,35142,Krafla,K-26,Injection,direct,106.8,2127,0.05,0,247.56,1.5,63.04,1.6,0.65,NA,NA,1.45,0.39,0.9,0,0.01,0,0,0.34,0.56,166,160
X160,X160,75,43836,43809,36096,Heemskerk,Injection,Injection,spores,43.2,2600,148.99,218.6,423.68,2.23,NA,76.38,31.08,3.13,1.54,0,NA,26.03,0,0.06,0,0,14.83,11.14,160,154
X155,X155,70,36650,36557,36185,Heemskerk,Injection,Injection,spores,43.2,2600,148.99,218.6,423.68,2.23,NA,76.38,31.08,3.13,1.54,0,NA,26.03,0,0.06,0,0,14.83,11.14,155,149
X264,X264,129,34581,34581,36236,Theistareykir,PG-4,Production,spores,344.6,2240,0.03,0,5.53,1.81,39.35,0,NA,NA,NA,0,NA,0.26,0,0.01,0,0,0.02,0.23,264,258
X158,X158,73,33955,33733,38423,Heemskerk,Injection,Injection,spores,43.2,2600,148.99,218.6,423.68,2.23,NA,76.38,31.08,3.13,1.54,0,NA,26.03,0,0.06,0,0,14.83,11.14,158,152
X228,X228,123,34847,34520,39836,Theistareykir,PG-4,Production,direct,344.6,2240,0.03,0,5.53,1.81,39.35,0,NA,NA,NA,0,NA,0.26,0,0.01,0,0,0.02,0.23,228,222
X110,X110,60,28457,28325,39839,Heemskerk,Injection,Injection,direct,43.2,2600,148.99,218.6,423.68,2.23,NA,76.38,31.08,3.13,1.54,0,NA,26.03,0,0.06,0,0,14.83,11.14,110,104
X93,X93,43,45040,42658,40041,Neustadt-Glewe,Production,Production,spores,97,2455,135.2,339.32,442.54,0.56,NA,42.11,17.13,0,NA,0,NA,19.49,1.8,0.13,0,0,9.04,8.52,93,87
X152,X152,67,47283,47147,40518,Heemskerk,Injection,Injection,spores,43.2,2600,148.99,218.6,423.68,2.23,NA,76.38,31.08,3.13,1.54,0,NA,26.03,0,0.06,0,0,14.83,11.14,152,146
X191,X191,86,37132,37132,42467,Krafla,K-26,Injection,spores,106.8,2127,0.05,0,247.56,1.5,63.04,1.6,0.65,NA,NA,1.45,0.39,0.9,0,0.01,0,0,0.34,0.56,191,185
X58,X58,28,19277,19025,42726,Bad Blumau,Injection,Injection,direct,100,3046,3.98,10.72,516.53,10.28,NA,16.65,6.77,1.25,0.62,NA,NA,8.34,1.3,1.55,0,0,4.75,0.74,58,52
X164,X164,79,61497,61166,44347,Heemskerk,Injection,Injection,spores,43.2,2600,148.99,218.6,423.68,2.23,NA,76.38,31.08,3.13,1.54,0,NA,26.03,0,0.06,0,0,14.83,11.14,164,158
X150,X150,65,10861,10798,45233,Heemskerk,Injection,Injection,spores,43.2,2600,148.99,218.6,423.68,2.23,NA,76.38,31.08,3.13,1.54,0,NA,26.03,0,0.06,0,0,14.83,11.14,150,144
X248,X248,113,28516,28516,45794,Theistareykir,PG-14,Injection,spores,185,2500,0.06,0,20.27,1.2,37.8,0,NA,NA,NA,1.7,0.45,0.35,0,0,0,0,0.02,0.33,248,242
X147,X147,62,9924,9889,46454,Heemskerk,Injection,Injection,spores,43.2,2600,148.99,218.6,423.68,2.23,NA,76.38,31.08,3.13,1.54,0,NA,26.03,0,0.06,0,0,14.83,11.14,147,141
X189,X189,84,31748,31192,46508,Krafla,K-26,Injection,spores,106.8,2127,0.05,0,247.56,1.5,63.04,1.6,0.65,NA,NA,1.45,0.39,0.9,0,0.01,0,0,0.34,0.56,189,183
X127,X127,77,35480,35480,48405,Heemskerk,Injection,Injection,direct,43.2,2600,148.99,218.6,423.68,2.23,NA,76.38,31.08,3.13,1.54,0,NA,26.03,0,0.06,0,0,14.83,11.14,127,121
X162,X162,77,30574,30471,48902,Heemskerk,Injection,Injection,spores,43.2,2600,148.99,218.6,423.68,2.23,NA,76.38,31.08,3.13,1.54,0,NA,26.03,0,0.06,0,0,14.83,11.14,162,156
X205,X205,100,28278,28142,49286,Theistareykir,PN-2,Injection,direct,185,444,NA,NA,NA,NA,NA,NA,NA,NA,NA,NA,NA,NA,NA,NA,NA,NA,NA,NA,205,199
X149,X149,64,8763,8716,50513,Heemskerk,Injection,Injection,spores,43.2,2600,148.99,218.6,423.68,2.23,NA,76.38,31.08,3.13,1.54,0,NA,26.03,0,0.06,0,0,14.83,11.14,149,143
X157,X157,72,38518,38374,52373,Heemskerk,Injection,Injection,spores,43.2,2600,148.99,218.6,423.68,2.23,NA,76.38,31.08,3.13,1.54,0,NA,26.03,0,0.06,0,0,14.83,11.14,157,151
X204,X204,99,33727,33727,53565,Krafla,K-32,Injection,spores,174.4,1875,0.05,0,326.43,1.2,106.52,1.96,0.8,NA,NA,3.35,0.89,0.75,0,0,0,0,0.32,0.43,204,198
X262,X262,127,30153,30153,55266,Theistareykir,PG-4,Production,spores,344.6,2240,0.03,0,5.53,1.81,39.35,0,NA,NA,NA,0,NA,0.26,0,0.01,0,0,0.02,0.23,262,256
X167,X167,82,51320,51320,56430,Krafla,K-26,Injection,direct,106.8,2127,0.05,0,247.56,1.5,63.04,1.6,0.65,NA,NA,1.45,0.39,0.9,0,0.01,0,0,0.34,0.56,167,161
X154,X154,69,28158,28079,57889,Heemskerk,Injection,Injection,spores,43.2,2600,148.99,218.6,423.68,2.23,NA,76.38,31.08,3.13,1.54,0,NA,26.03,0,0.06,0,0,14.83,11.14,154,148
X115,X115,65,43625,43544,58323,Heemskerk,Injection,Injection,direct,43.2,2600,148.99,218.6,423.68,2.23,NA,76.38,31.08,3.13,1.54,0,NA,26.03,0,0.06,0,0,14.83,11.14,115,109
X66,X66,36,19935,19773,59215,Bad Blumau,Production,Production,direct,110,2843,4.08,8.87,532.25,10.21,NA,16.22,6.6,1.37,0.68,NA,NA,8.76,1.32,1.61,0,0,4.93,0.96,66,60
X146,X146,61,7200,7163,59409,Heemskerk,Injection,Injection,spores,43.2,2600,148.99,218.6,423.68,2.23,NA,76.38,31.08,3.13,1.54,0,NA,26.03,0,0.06,0,0,14.83,11.14,146,140
X148,X148,63,20136,20041,59673,Heemskerk,Injection,Injection,spores,43.2,2600,148.99,218.6,423.68,2.23,NA,76.38,31.08,3.13,1.54,0,NA,26.03,0,0.06,0,0,14.83,11.14,148,142
X120,X120,70,44130,44080,59830,Heemskerk,Injection,Injection,direct,43.2,2600,148.99,218.6,423.68,2.23,NA,76.38,31.08,3.13,1.54,0,NA,26.03,0,0.06,0,0,14.83,11.14,120,114
X112,X112,62,50349,50331,61011,Heemskerk,Injection,Injection,direct,43.2,2600,148.99,218.6,423.68,2.23,NA,76.38,31.08,3.13,1.54,0,NA,26.03,0,0.06,0,0,14.83,11.14,112,106
X156,X156,71,50689,50562,63623,Heemskerk,Injection,Injection,spores,43.2,2600,148.99,218.6,423.68,2.23,NA,76.38,31.08,3.13,1.54,0,NA,26.03,0,0.06,0,0,14.83,11.14,156,150
X113,X113,63,45346,45319,66095,Heemskerk,Injection,Injection,direct,43.2,2600,148.99,218.6,423.68,2.23,NA,76.38,31.08,3.13,1.54,0,NA,26.03,0,0.06,0,0,14.83,11.14,113,107
X123,X123,73,33791,33737,67751,Heemskerk,Injection,Injection,direct,43.2,2600,148.99,218.6,423.68,2.23,NA,76.38,31.08,3.13,1.54,0,NA,26.03,0,0.06,0,0,14.83,11.14,123,117
X242,X242,107,11604,11604,67920,Theistareykir,PG-5B,Production,spores,235.15,2499,0.05,0,32.59,1.41,39.5,0,NA,NA,NA,1.46,0.39,0.25,0,0,0,0,0.02,0.23,242,236
X118,X118,68,35052,34838,68636,Heemskerk,Injection,Injection,direct,43.2,2600,148.99,218.6,423.68,2.23,NA,76.38,31.08,3.13,1.54,0,NA,26.03,0,0.06,0,0,14.83,11.14,118,112
X121,X121,71,38072,38072,78141,Heemskerk,Injection,Injection,direct,43.2,2600,148.99,218.6,423.68,2.23,NA,76.38,31.08,3.13,1.54,0,NA,26.03,0,0.06,0,0,14.83,11.14,121,115
X116,X116,66,49751,49751,80628,Heemskerk,Injection,Injection,direct,43.2,2600,148.99,218.6,423.68,2.23,NA,76.38,31.08,3.13,1.54,0,NA,26.03,0,0.06,0,0,14.83,11.14,116,110
X126,X126,76,27122,27080,81787,Heemskerk,Injection,Injection,direct,43.2,2600,148.99,218.6,423.68,2.23,NA,76.38,31.08,3.13,1.54,0,NA,26.03,0,0.06,0,0,14.83,11.14,126,120
X159,X159,74,40876,40798,82510,Heemskerk,Injection,Injection,spores,43.2,2600,148.99,218.6,423.68,2.23,NA,76.38,31.08,3.13,1.54,0,NA,26.03,0,0.06,0,0,14.83,11.14,159,153
X117,X117,67,46298,46201,82748,Heemskerk,Injection,Injection,direct,43.2,2600,148.99,218.6,423.68,2.23,NA,76.38,31.08,3.13,1.54,0,NA,26.03,0,0.06,0,0,14.83,11.14,117,111
X114,X114,64,32608,32581,82977,Heemskerk,Injection,Injection,direct,43.2,2600,148.99,218.6,423.68,2.23,NA,76.38,31.08,3.13,1.54,0,NA,26.03,0,0.06,0,0,14.83,11.14,114,108
X122,X122,72,28370,28343,85990,Heemskerk,Injection,Injection,direct,43.2,2600,148.99,218.6,423.68,2.23,NA,76.38,31.08,3.13,1.54,0,NA,26.03,0,0.06,0,0,14.83,11.14,122,116
X125,X125,75,36215,36158,93655,Heemskerk,Injection,Injection,direct,43.2,2600,148.99,218.6,423.68,2.23,NA,76.38,31.08,3.13,1.54,0,NA,26.03,0,0.06,0,0,14.83,11.14,125,119
X124,X124,74,45241,45185,95981,Heemskerk,Injection,Injection,direct,43.2,2600,148.99,218.6,423.68,2.23,NA,76.38,31.08,3.13,1.54,0,NA,26.03,0,0.06,0,0,14.83,11.14,124,118
X119,X119,69,39805,39749,96246,Heemskerk,Injection,Injection,direct,43.2,2600,148.99,218.6,423.68,2.23,NA,76.38,31.08,3.13,1.54,0,NA,26.03,0,0.06,0,0,14.83,11.14,119,113
X111,X111,61,40601,40572,106936,Heemskerk,Injection,Injection,direct,43.2,2600,148.99,218.6,423.68,2.23,NA,76.38,31.08,3.13,1.54,0,NA,26.03,0,0.06,0,0,14.83,11.14,111,105